<?xml version="1.0" encoding="UTF-8"?>
<config xmlns="http://www.knime.org/2008/09/XMLConfig" xmlns:xsi="http://www.w3.org/2001/XMLSchema-instance" xsi:schemaLocation="http://www.knime.org/2008/09/XMLConfig http://www.knime.org/XMLConfig_2008_09.xsd" key="MiningSchema">
<config key="learning">
<entry key="array-size" type="xint" value="31"/>
<entry key="0" type="xstring" value="PassengerId"/>
<entry key="1" type="xstring" value="Age"/>
<entry key="2" type="xstring" value="SibSp"/>
<entry key="3" type="xstring" value="Parch"/>
<entry key="4" type="xstring" value="Fare"/>
<entry key="5" type="xstring" value="3rd"/>
<entry key="6" type="xstring" value="1st"/>
<entry key="7" type="xstring" value="2nd"/>
<entry key="8" type="xstring" value="Mr."/>
<entry key="9" type="xstring" value="Mrs."/>
<entry key="10" type="xstring" value="Miss."/>
<entry key="11" type="xstring" value="Master."/>
<entry key="12" type="xstring" value="Don."/>
<entry key="13" type="xstring" value="Rev."/>
<entry key="14" type="xstring" value="Dr."/>
<entry key="15" type="xstring" value="Mme."/>
<entry key="16" type="xstring" value="Ms."/>
<entry key="17" type="xstring" value="Major."/>
<entry key="18" type="xstring" value="Lady."/>
<entry key="19" type="xstring" value="Sir."/>
<entry key="20" type="xstring" value="Mlle."/>
<entry key="21" type="xstring" value="Col."/>
<entry key="22" type="xstring" value="Capt."/>
<entry key="23" type="xstring" value="the Countess."/>
<entry key="24" type="xstring" value="Jonkheer."/>
<entry key="25" type="xstring" value="Dona."/>
<entry key="26" type="xstring" value="male"/>
<entry key="27" type="xstring" value="female"/>
<entry key="28" type="xstring" value="S"/>
<entry key="29" type="xstring" value="C"/>
<entry key="30" type="xstring" value="Q"/>
</config>
<config key="target">
<entry key="array-size" type="xint" value="1"/>
<entry key="0" type="xstring" value="Survived"/>
</config>
</config>
